,Nmodel,a(m),b(m),h(m),t(m),Lm(m),V(kN),Δmax(‰),Volumen(m3)
0,1,0.6,0.25,0.5,0.25,1.0,1778.5925244374644,7.27124789326571,490.0
